[
  {
    "name": "Afghanistan",
    "alpha2Code": "AF",
    "alpha3Code": "AFG",
    "numberCode": 4,
    "latitude": 33,
    "longitude": 65
  },
  {
    "name": "Albania",
    "alpha2Code": "AL",
    "alpha3Code": "ALB",
    "numberCode": 8,
    "latitude": 41,
    "longitude": 20
  },
  {
    "name": "Algeria",
    "alpha2Code": "DZ",
    "alpha3Code": "DZA",
    "numberCode": 12,
    "latitude": 28,
    "longitude": 3
  },
  {
    "name": "American Samoa",
    "alpha2Code": "AS",
    "alpha3Code": "ASM",
    "numberCode": 16,
    "latitude": -14.3333,
    "longitude": -170
  },
  {
    "name": "Andorra",
    "alpha2Code": "AD",
    "alpha3Code": "AND",
    "numberCode": 20,
    "latitude": 42.5,
    "longitude": 1.6
  },
  {
    "name": "Angola",
    "alpha2Code": "AO",
    "alpha3Code": "AGO",
    "numberCode": 24,
    "latitude": -12.5,
    "longitude": 18.5
  },
  {
    "name": "Anguilla",
    "alpha2Code": "AI",
    "alpha3Code": "AIA",
    "numberCode": 660,
    "latitude": 18.25,
    "longitude": -63.1667
  },
  {
    "name": "Antarctica",
    "alpha2Code": "AQ",
    "alpha3Code": "ATA",
    "numberCode": 10,
    "latitude": -90,
    "longitude": 0
  },
  {
    "name": "Antigua and Barbuda",
    "alpha2Code": "AG",
    "alpha3Code": "ATG",
    "numberCode": 28,
    "latitude": 17.05,
    "longitude": -61.8
  },
  {
    "name": "Argentina",
    "alpha2Code": "AR",
    "alpha3Code": "ARG",
    "numberCode": 32,
    "latitude": -34,
    "longitude": -64
  },
  {
    "name": "Armenia",
    "alpha2Code": "AM",
    "alpha3Code": "ARM",
    "numberCode": 51,
    "latitude": 40,
    "longitude": 45
  },
  {
    "name": "Aruba",
    "alpha2Code": "AW",
    "alpha3Code": "ABW",
    "numberCode": 533,
    "latitude": 12.5,
    "longitude": -69.9667
  },
  {
    "name": "Australia",
    "alpha2Code": "AU",
    "alpha3Code": "AUS",
    "numberCode": 36,
    "latitude": -27,
    "longitude": 133
  },
  {
    "name": "Austria",
    "alpha2Code": "AT",
    "alpha3Code": "AUT",
    "numberCode": 40,
    "latitude": 47.3333,
    "longitude": 13.3333
  },
  {
    "name": "Azerbaijan",
    "alpha2Code": "AZ",
    "alpha3Code": "AZE",
    "numberCode": 31,
    "latitude": 40.5,
    "longitude": 47.5
  },
  {
    "name": "Bahamas",
    "alpha2Code": "BS",
    "alpha3Code": "BHS",
    "numberCode": 44,
    "latitude": 24.25,
    "longitude": -76
  },
  {
    "name": "Bahrain",
    "alpha2Code": "BH",
    "alpha3Code": "BHR",
    "numberCode": 48,
    "latitude": 26,
    "longitude": 50.55
  },
  {
    "name": "Bangladesh",
    "alpha2Code": "BD",
    "alpha3Code": "BGD",
    "numberCode": 50,
    "latitude": 24,
    "longitude": 90
  },
  {
    "name": "Barbados",
    "alpha2Code": "BB",
    "alpha3Code": "BRB",
    "numberCode": 52,
    "latitude": 13.1667,
    "longitude": -59.5333
  },
  {
    "name": "Belarus",
    "alpha2Code": "BY",
    "alpha3Code": "BLR",
    "numberCode": 112,
    "latitude": 53,
    "longitude": 28
  },
  {
    "name": "Belgium",
    "alpha2Code": "BE",
    "alpha3Code": "BEL",
    "numberCode": 56,
    "latitude": 50.8333,
    "longitude": 4
  },
  {
    "name": "Belize",
    "alpha2Code": "BZ",
    "alpha3Code": "BLZ",
    "numberCode": 84,
    "latitude": 17.25,
    "longitude": -88.75
  },
  {
    "name": "Benin",
    "alpha2Code": "BJ",
    "alpha3Code": "BEN",
    "numberCode": 204,
    "latitude": 9.5,
    "longitude": 2.25
  },
  {
    "name": "Bermuda",
    "alpha2Code": "BM",
    "alpha3Code": "BMU",
    "numberCode": 60,
    "latitude": 32.3333,
    "longitude": -64.75
  },
  {
    "name": "Bhutan",
    "alpha2Code": "BT",
    "alpha3Code": "BTN",
    "numberCode": 64,
    "latitude": 27.5,
    "longitude": 90.5
  },
  {
    "name": "Bolivia, Plurinational State of",
    "alpha2Code": "BO",
    "alpha3Code": "BOL",
    "numberCode": 68,
    "latitude": -17,
    "longitude": -65
  },
  {
    "name": "Bolivia",
    "alpha2Code": "BO",
    "alpha3Code": "BOL",
    "numberCode": 68,
    "latitude": -17,
    "longitude": -65
  },
  {
    "name": "Bosnia and Herzegovina",
    "alpha2Code": "BA",
    "alpha3Code": "BIH",
    "numberCode": 70,
    "latitude": 44,
    "longitude": 18
  },
  {
    "name": "Botswana",
    "alpha2Code": "BW",
    "alpha3Code": "BWA",
    "numberCode": 72,
    "latitude": -22,
    "longitude": 24
  },
  {
    "name": "Bouvet Island",
    "alpha2Code": "BV",
    "alpha3Code": "BVT",
    "numberCode": 74,
    "latitude": -54.4333,
    "longitude": 3.4
  },
  {
    "name": "Brazil",
    "alpha2Code": "BR",
    "alpha3Code": "BRA",
    "numberCode": 76,
    "latitude": -10,
    "longitude": -55
  },
  {
    "name": "British Indian Ocean Territory",
    "alpha2Code": "IO",
    "alpha3Code": "IOT",
    "numberCode": 86,
    "latitude": -6,
    "longitude": 71.5
  },
  {
    "name": "Brunei Darussalam",
    "alpha2Code": "BN",
    "alpha3Code": "BRN",
    "numberCode": 96,
    "latitude": 4.5,
    "longitude": 114.6667
  },
  {
    "name": "Brunei",
    "alpha2Code": "BN",
    "alpha3Code": "BRN",
    "numberCode": 96,
    "latitude": 4.5,
    "longitude": 114.6667
  },
  {
    "name": "Bulgaria",
    "alpha2Code": "BG",
    "alpha3Code": "BGR",
    "numberCode": 100,
    "latitude": 43,
    "longitude": 25
  },
  {
    "name": "Burkina Faso",
    "alpha2Code": "BF",
    "alpha3Code": "BFA",
    "numberCode": 854,
    "latitude": 13,
    "longitude": -2
  },
  {
    "name": "Burundi",
    "alpha2Code": "BI",
    "alpha3Code": "BDI",
    "numberCode": 108,
    "latitude": -3.5,
    "longitude": 30
  },
  {
    "name": "Cambodia",
    "alpha2Code": "KH",
    "alpha3Code": "KHM",
    "numberCode": 116,
    "latitude": 13,
    "longitude": 105
  },
  {
    "name": "Cameroon",
    "alpha2Code": "CM",
    "alpha3Code": "CMR",
    "numberCode": 120,
    "latitude": 6,
    "longitude": 12
  },
  {
    "name": "Canada",
    "alpha2Code": "CA",
    "alpha3Code": "CAN",
    "numberCode": 124,
    "latitude": 60,
    "longitude": -95
  },
  {
    "name": "Cape Verde",
    "alpha2Code": "CV",
    "alpha3Code": "CPV",
    "numberCode": 132,
    "latitude": 16,
    "longitude": -24
  },
  {
    "name": "Cayman Islands",
    "alpha2Code": "KY",
    "alpha3Code": "CYM",
    "numberCode": 136,
    "latitude": 19.5,
    "longitude": -80.5
  },
  {
    "name": "Central African Republic",
    "alpha2Code": "CF",
    "alpha3Code": "CAF",
    "numberCode": 140,
    "latitude": 7,
    "longitude": 21
  },
  {
    "name": "Chad",
    "alpha2Code": "TD",
    "alpha3Code": "TCD",
    "numberCode": 148,
    "latitude": 15,
    "longitude": 19
  },
  {
    "name": "Chile",
    "alpha2Code": "CL",
    "alpha3Code": "CHL",
    "numberCode": 152,
    "latitude": -30,
    "longitude": -71
  },
  {
    "name": "China",
    "alpha2Code": "CN",
    "alpha3Code": "CHN",
    "numberCode": 156,
    "latitude": 35,
    "longitude": 105
  },
  {
    "name": "Christmas Island",
    "alpha2Code": "CX",
    "alpha3Code": "CXR",
    "numberCode": 162,
    "latitude": -10.5,
    "longitude": 105.6667
  },
  {
    "name": "Cocos (Keeling) Islands",
    "alpha2Code": "CC",
    "alpha3Code": "CCK",
    "numberCode": 166,
    "latitude": -12.5,
    "longitude": 96.8333
  },
  {
    "name": "Colombia",
    "alpha2Code": "CO",
    "alpha3Code": "COL",
    "numberCode": 170,
    "latitude": 4,
    "longitude": -72
  },
  {
    "name": "Comoros",
    "alpha2Code": "KM",
    "alpha3Code": "COM",
    "numberCode": 174,
    "latitude": -12.1667,
    "longitude": 44.25
  },
  {
    "name": "Congo",
    "alpha2Code": "CG",
    "alpha3Code": "COG",
    "numberCode": 178,
    "latitude": -1,
    "longitude": 15
  },
  {
    "name": "Congo, the Democratic Republic of the",
    "alpha2Code": "CD",
    "alpha3Code": "COD",
    "numberCode": 180,
    "latitude": 0,
    "longitude": 25
  },
  {
    "name": "Cook Islands",
    "alpha2Code": "CK",
    "alpha3Code": "COK",
    "numberCode": 184,
    "latitude": -21.2333,
    "longitude": -159.7667
  },
  {
    "name": "Costa Rica",
    "alpha2Code": "CR",
    "alpha3Code": "CRI",
    "numberCode": 188,
    "latitude": 10,
    "longitude": -84
  },
  {
    "name": "Côte d'Ivoire",
    "alpha2Code": "CI",
    "alpha3Code": "CIV",
    "numberCode": 384,
    "latitude": 8,
    "longitude": -5
  },
  {
    "name": "Ivory Coast",
    "alpha2Code": "CI",
    "alpha3Code": "CIV",
    "numberCode": 384,
    "latitude": 8,
    "longitude": -5
  },
  {
    "name": "Croatia",
    "alpha2Code": "HR",
    "alpha3Code": "HRV",
    "numberCode": 191,
    "latitude": 45.1667,
    "longitude": 15.5
  },
  {
    "name": "Cuba",
    "alpha2Code": "CU",
    "alpha3Code": "CUB",
    "numberCode": 192,
    "latitude": 21.5,
    "longitude": -80
  },
  {
    "name": "Cyprus",
    "alpha2Code": "CY",
    "alpha3Code": "CYP",
    "numberCode": 196,
    "latitude": 35,
    "longitude": 33
  },
  {
    "name": "Czech Republic",
    "alpha2Code": "CZ",
    "alpha3Code": "CZE",
    "numberCode": 203,
    "latitude": 49.75,
    "longitude": 15.5
  },
  {
    "name": "Denmark",
    "alpha2Code": "DK",
    "alpha3Code": "DNK",
    "numberCode": 208,
    "latitude": 56,
    "longitude": 10
  },
  {
    "name": "Djibouti",
    "alpha2Code": "DJ",
    "alpha3Code": "DJI",
    "numberCode": 262,
    "latitude": 11.5,
    "longitude": 43
  },
  {
    "name": "Dominica",
    "alpha2Code": "DM",
    "alpha3Code": "DMA",
    "numberCode": 212,
    "latitude": 15.4167,
    "longitude": -61.3333
  },
  {
    "name": "Dominican Republic",
    "alpha2Code": "DO",
    "alpha3Code": "DOM",
    "numberCode": 214,
    "latitude": 19,
    "longitude": -70.6667
  },
  {
    "name": "Ecuador",
    "alpha2Code": "EC",
    "alpha3Code": "ECU",
    "numberCode": 218,
    "latitude": -2,
    "longitude": -77.5
  },
  {
    "name": "Egypt",
    "alpha2Code": "EG",
    "alpha3Code": "EGY",
    "numberCode": 818,
    "latitude": 27,
    "longitude": 30
  },
  {
    "name": "El Salvador",
    "alpha2Code": "SV",
    "alpha3Code": "SLV",
    "numberCode": 222,
    "latitude": 13.8333,
    "longitude": -88.9167
  },
  {
    "name": "Equatorial Guinea",
    "alpha2Code": "GQ",
    "alpha3Code": "GNQ",
    "numberCode": 226,
    "latitude": 2,
    "longitude": 10
  },
  {
    "name": "Eritrea",
    "alpha2Code": "ER",
    "alpha3Code": "ERI",
    "numberCode": 232,
    "latitude": 15,
    "longitude": 39
  },
  {
    "name": "Estonia",
    "alpha2Code": "EE",
    "alpha3Code": "EST",
    "numberCode": 233,
    "latitude": 59,
    "longitude": 26
  },
  {
    "name": "Ethiopia",
    "alpha2Code": "ET",
    "alpha3Code": "ETH",
    "numberCode": 231,
    "latitude": 8,
    "longitude": 38
  },
  {
    "name": "Falkland Islands (Malvinas)",
    "alpha2Code": "FK",
    "alpha3Code": "FLK",
    "numberCode": 238,
    "latitude": -51.75,
    "longitude": -59
  },
  {
    "name": "Faroe Islands",
    "alpha2Code": "FO",
    "alpha3Code": "FRO",
    "numberCode": 234,
    "latitude": 62,
    "longitude": -7
  },
  {
    "name": "Fiji",
    "alpha2Code": "FJ",
    "alpha3Code": "FJI",
    "numberCode": 242,
    "latitude": -18,
    "longitude": 175
  },
  {
    "name": "Finland",
    "alpha2Code": "FI",
    "alpha3Code": "FIN",
    "numberCode": 246,
    "latitude": 64,
    "longitude": 26
  },
  {
    "name": "France",
    "alpha2Code": "FR",
    "alpha3Code": "FRA",
    "numberCode": 250,
    "latitude": 46,
    "longitude": 2
  },
  {
    "name": "French Guiana",
    "alpha2Code": "GF",
    "alpha3Code": "GUF",
    "numberCode": 254,
    "latitude": 4,
    "longitude": -53
  },
  {
    "name": "French Polynesia",
    "alpha2Code": "PF",
    "alpha3Code": "PYF",
    "numberCode": 258,
    "latitude": -15,
    "longitude": -140
  },
  {
    "name": "French Southern Territories",
    "alpha2Code": "TF",
    "alpha3Code": "ATF",
    "numberCode": 260,
    "latitude": -43,
    "longitude": 67
  },
  {
    "name": "Gabon",
    "alpha2Code": "GA",
    "alpha3Code": "GAB",
    "numberCode": 266,
    "latitude": -1,
    "longitude": 11.75
  },
  {
    "name": "Gambia",
    "alpha2Code": "GM",
    "alpha3Code": "GMB",
    "numberCode": 270,
    "latitude": 13.4667,
    "longitude": -16.5667
  },
  {
    "name": "Georgia",
    "alpha2Code": "GE",
    "alpha3Code": "GEO",
    "numberCode": 268,
    "latitude": 42,
    "longitude": 43.5
  },
  {
    "name": "Germany",
    "alpha2Code": "DE",
    "alpha3Code": "DEU",
    "numberCode": 276,
    "latitude": 51,
    "longitude": 9
  },
  {
    "name": "Ghana",
    "alpha2Code": "GH",
    "alpha3Code": "GHA",
    "numberCode": 288,
    "latitude": 8,
    "longitude": -2
  },
  {
    "name": "Gibraltar",
    "alpha2Code": "GI",
    "alpha3Code": "GIB",
    "numberCode": 292,
    "latitude": 36.1833,
    "longitude": -5.3667
  },
  {
    "name": "Greece",
    "alpha2Code": "GR",
    "alpha3Code": "GRC",
    "numberCode": 300,
    "latitude": 39,
    "longitude": 22
  },
  {
    "name": "Greenland",
    "alpha2Code": "GL",
    "alpha3Code": "GRL",
    "numberCode": 304,
    "latitude": 72,
    "longitude": -40
  },
  {
    "name": "Grenada",
    "alpha2Code": "GD",
    "alpha3Code": "GRD",
    "numberCode": 308,
    "latitude": 12.1167,
    "longitude": -61.6667
  },
  {
    "name": "Guadeloupe",
    "alpha2Code": "GP",
    "alpha3Code": "GLP",
    "numberCode": 312,
    "latitude": 16.25,
    "longitude": -61.5833
  },
  {
    "name": "Guam",
    "alpha2Code": "GU",
    "alpha3Code": "GUM",
    "numberCode": 316,
    "latitude": 13.4667,
    "longitude": 144.7833
  },
  {
    "name": "Guatemala",
    "alpha2Code": "GT",
    "alpha3Code": "GTM",
    "numberCode": 320,
    "latitude": 15.5,
    "longitude": -90.25
  },
  {
    "name": "Guernsey",
    "alpha2Code": "GG",
    "alpha3Code": "GGY",
    "numberCode": 831,
    "latitude": 49.5,
    "longitude": -2.56
  },
  {
    "name": "Guinea",
    "alpha2Code": "GN",
    "alpha3Code": "GIN",
    "numberCode": 324,
    "latitude": 11,
    "longitude": -10
  },
  {
    "name": "Guinea-Bissau",
    "alpha2Code": "GW",
    "alpha3Code": "GNB",
    "numberCode": 624,
    "latitude": 12,
    "longitude": -15
  },
  {
    "name": "Guyana",
    "alpha2Code": "GY",
    "alpha3Code": "GUY",
    "numberCode": 328,
    "latitude": 5,
    "longitude": -59
  },
  {
    "name": "Haiti",
    "alpha2Code": "HT",
    "alpha3Code": "HTI",
    "numberCode": 332,
    "latitude": 19,
    "longitude": -72.4167
  },
  {
    "name": "Heard Island and McDonald Islands",
    "alpha2Code": "HM",
    "alpha3Code": "HMD",
    "numberCode": 334,
    "latitude": -53.1,
    "longitude": 72.5167
  },
  {
    "name": "Holy See (Vatican City State)",
    "alpha2Code": "VA",
    "alpha3Code": "VAT",
    "numberCode": 336,
    "latitude": 41.9,
    "longitude": 12.45
  },
  {
    "name": "Honduras",
    "alpha2Code": "HN",
    "alpha3Code": "HND",
    "numberCode": 340,
    "latitude": 15,
    "longitude": -86.5
  },
  {
    "name": "Hong Kong",
    "alpha2Code": "HK",
    "alpha3Code": "HKG",
    "numberCode": 344,
    "latitude": 22.25,
    "longitude": 114.1667
  },
  {
    "name": "Hungary",
    "alpha2Code": "HU",
    "alpha3Code": "HUN",
    "numberCode": 348,
    "latitude": 47,
    "longitude": 20
  },
  {
    "name": "Iceland",
    "alpha2Code": "IS",
    "alpha3Code": "ISL",
    "numberCode": 352,
    "latitude": 65,
    "longitude": -18
  },
  {
    "name": "India",
    "alpha2Code": "IN",
    "alpha3Code": "IND",
    "numberCode": 356,
    "latitude": 20,
    "longitude": 77
  },
  {
    "name": "Indonesia",
    "alpha2Code": "ID",
    "alpha3Code": "IDN",
    "numberCode": 360,
    "latitude": -5,
    "longitude": 120
  },
  {
    "name": "Iran, Islamic Republic of",
    "alpha2Code": "IR",
    "alpha3Code": "IRN",
    "numberCode": 364,
    "latitude": 32,
    "longitude": 53
  },
  {
    "name": "Iraq",
    "alpha2Code": "IQ",
    "alpha3Code": "IRQ",
    "numberCode": 368,
    "latitude": 33,
    "longitude": 44
  },
  {
    "name": "Ireland",
    "alpha2Code": "IE",
    "alpha3Code": "IRL",
    "numberCode": 372,
    "latitude": 53,
    "longitude": -8
  },
  {
    "name": "Isle of Man",
    "alpha2Code": "IM",
    "alpha3Code": "IMN",
    "numberCode": 833,
    "latitude": 54.23,
    "longitude": -4.55
  },
  {
    "name": "Israel",
    "alpha2Code": "IL",
    "alpha3Code": "ISR",
    "numberCode": 376,
    "latitude": 31.5,
    "longitude": 34.75
  },
  {
    "name": "Italy",
    "alpha2Code": "IT",
    "alpha3Code": "ITA",
    "numberCode": 380,
    "latitude": 42.8333,
    "longitude": 12.8333
  },
  {
    "name": "Jamaica",
    "alpha2Code": "JM",
    "alpha3Code": "JAM",
    "numberCode": 388,
    "latitude": 18.25,
    "longitude": -77.5
  },
  {
    "name": "Japan",
    "alpha2Code": "JP",
    "alpha3Code": "JPN",
    "numberCode": 392,
    "latitude": 36,
    "longitude": 138
  },
  {
    "name": "Jersey",
    "alpha2Code": "JE",
    "alpha3Code": "JEY",
    "numberCode": 832,
    "latitude": 49.21,
    "longitude": -2.13
  },
  {
    "name": "Jordan",
    "alpha2Code": "JO",
    "alpha3Code": "JOR",
    "numberCode": 400,
    "latitude": 31,
    "longitude": 36
  },
  {
    "name": "Kazakhstan",
    "alpha2Code": "KZ",
    "alpha3Code": "KAZ",
    "numberCode": 398,
    "latitude": 48,
    "longitude": 68
  },
  {
    "name": "Kenya",
    "alpha2Code": "KE",
    "alpha3Code": "KEN",
    "numberCode": 404,
    "latitude": 1,
    "longitude": 38
  },
  {
    "name": "Kiribati",
    "alpha2Code": "KI",
    "alpha3Code": "KIR",
    "numberCode": 296,
    "latitude": 1.4167,
    "longitude": 173
  },
  {
    "name": "Korea, Democratic People's Republic of",
    "alpha2Code": "KP",
    "alpha3Code": "PRK",
    "numberCode": 408,
    "latitude": 40,
    "longitude": 127
  },
  {
    "name": "Korea, Republic of",
    "alpha2Code": "KR",
    "alpha3Code": "KOR",
    "numberCode": 410,
    "latitude": 37,
    "longitude": 127.5
  },
  {
    "name": "South Korea",
    "alpha2Code": "KR",
    "alpha3Code": "KOR",
    "numberCode": 410,
    "latitude": 37,
    "longitude": 127.5
  },
  {
    "name": "Kuwait",
    "alpha2Code": "KW",
    "alpha3Code": "KWT",
    "numberCode": 414,
    "latitude": 29.3375,
    "longitude": 47.6581
  },
  {
    "name": "Kyrgyzstan",
    "alpha2Code": "KG",
    "alpha3Code": "KGZ",
    "numberCode": 417,
    "latitude": 41,
    "longitude": 75
  },
  {
    "name": "Lao People's Democratic Republic",
    "alpha2Code": "LA",
    "alpha3Code": "LAO",
    "numberCode": 418,
    "latitude": 18,
    "longitude": 105
  },
  {
    "name": "Latvia",
    "alpha2Code": "LV",
    "alpha3Code": "LVA",
    "numberCode": 428,
    "latitude": 57,
    "longitude": 25
  },
  {
    "name": "Lebanon",
    "alpha2Code": "LB",
    "alpha3Code": "LBN",
    "numberCode": 422,
    "latitude": 33.8333,
    "longitude": 35.8333
  },
  {
    "name": "Lesotho",
    "alpha2Code": "LS",
    "alpha3Code": "LSO",
    "numberCode": 426,
    "latitude": -29.5,
    "longitude": 28.5
  },
  {
    "name": "Liberia",
    "alpha2Code": "LR",
    "alpha3Code": "LBR",
    "numberCode": 430,
    "latitude": 6.5,
    "longitude": -9.5
  },
  {
    "name": "Libyan Arab Jamahiriya",
    "alpha2Code": "LY",
    "alpha3Code": "LBY",
    "numberCode": 434,
    "latitude": 25,
    "longitude": 17
  },
  {
    "name": "Libya",
    "alpha2Code": "LY",
    "alpha3Code": "LBY",
    "numberCode": 434,
    "latitude": 25,
    "longitude": 17
  },
  {
    "name": "Liechtenstein",
    "alpha2Code": "LI",
    "alpha3Code": "LIE",
    "numberCode": 438,
    "latitude": 47.1667,
    "longitude": 9.5333
  },
  {
    "name": "Lithuania",
    "alpha2Code": "LT",
    "alpha3Code": "LTU",
    "numberCode": 440,
    "latitude": 56,
    "longitude": 24
  },
  {
    "name": "Luxembourg",
    "alpha2Code": "LU",
    "alpha3Code": "LUX",
    "numberCode": 442,
    "latitude": 49.75,
    "longitude": 6.1667
  },
  {
    "name": "Macao",
    "alpha2Code": "MO",
    "alpha3Code": "MAC",
    "numberCode": 446,
    "latitude": 22.1667,
    "longitude": 113.55
  },
  {
    "name": "Macedonia, the former Yugoslav Republic of",
    "alpha2Code": "MK",
    "alpha3Code": "MKD",
    "numberCode": 807,
    "latitude": 41.8333,
    "longitude": 22
  },
  {
    "name": "Madagascar",
    "alpha2Code": "MG",
    "alpha3Code": "MDG",
    "numberCode": 450,
    "latitude": -20,
    "longitude": 47
  },
  {
    "name": "Malawi",
    "alpha2Code": "MW",
    "alpha3Code": "MWI",
    "numberCode": 454,
    "latitude": -13.5,
    "longitude": 34
  },
  {
    "name": "Malaysia",
    "alpha2Code": "MY",
    "alpha3Code": "MYS",
    "numberCode": 458,
    "latitude": 2.5,
    "longitude": 112.5
  },
  {
    "name": "Maldives",
    "alpha2Code": "MV",
    "alpha3Code": "MDV",
    "numberCode": 462,
    "latitude": 3.25,
    "longitude": 73
  },
  {
    "name": "Mali",
    "alpha2Code": "ML",
    "alpha3Code": "MLI",
    "numberCode": 466,
    "latitude": 17,
    "longitude": -4
  },
  {
    "name": "Malta",
    "alpha2Code": "MT",
    "alpha3Code": "MLT",
    "numberCode": 470,
    "latitude": 35.8333,
    "longitude": 14.5833
  },
  {
    "name": "Marshall Islands",
    "alpha2Code": "MH",
    "alpha3Code": "MHL",
    "numberCode": 584,
    "latitude": 9,
    "longitude": 168
  },
  {
    "name": "Martinique",
    "alpha2Code": "MQ",
    "alpha3Code": "MTQ",
    "numberCode": 474,
    "latitude": 14.6667,
    "longitude": -61
  },
  {
    "name": "Mauritania",
    "alpha2Code": "MR",
    "alpha3Code": "MRT",
    "numberCode": 478,
    "latitude": 20,
    "longitude": -12
  },
  {
    "name": "Mauritius",
    "alpha2Code": "MU",
    "alpha3Code": "MUS",
    "numberCode": 480,
    "latitude": -20.2833,
    "longitude": 57.55
  },
  {
    "name": "Mayotte",
    "alpha2Code": "YT",
    "alpha3Code": "MYT",
    "numberCode": 175,
    "latitude": -12.8333,
    "longitude": 45.1667
  },
  {
    "name": "Mexico",
    "alpha2Code": "MX",
    "alpha3Code": "MEX",
    "numberCode": 484,
    "latitude": 23,
    "longitude": -102
  },
  {
    "name": "Micronesia, Federated States of",
    "alpha2Code": "FM",
    "alpha3Code": "FSM",
    "numberCode": 583,
    "latitude": 6.9167,
    "longitude": 158.25
  },
  {
    "name": "Moldova, Republic of",
    "alpha2Code": "MD",
    "alpha3Code": "MDA",
    "numberCode": 498,
    "latitude": 47,
    "longitude": 29
  },
  {
    "name": "Monaco",
    "alpha2Code": "MC",
    "alpha3Code": "MCO",
    "numberCode": 492,
    "latitude": 43.7333,
    "longitude": 7.4
  },
  {
    "name": "Mongolia",
    "alpha2Code": "MN",
    "alpha3Code": "MNG",
    "numberCode": 496,
    "latitude": 46,
    "longitude": 105
  },
  {
    "name": "Montenegro",
    "alpha2Code": "ME",
    "alpha3Code": "MNE",
    "numberCode": 499,
    "latitude": 42,
    "longitude": 19
  },
  {
    "name": "Montserrat",
    "alpha2Code": "MS",
    "alpha3Code": "MSR",
    "numberCode": 500,
    "latitude": 16.75,
    "longitude": -62.2
  },
  {
    "name": "Morocco",
    "alpha2Code": "MA",
    "alpha3Code": "MAR",
    "numberCode": 504,
    "latitude": 32,
    "longitude": -5
  },
  {
    "name": "Mozambique",
    "alpha2Code": "MZ",
    "alpha3Code": "MOZ",
    "numberCode": 508,
    "latitude": -18.25,
    "longitude": 35
  },
  {
    "name": "Myanmar",
    "alpha2Code": "MM",
    "alpha3Code": "MMR",
    "numberCode": 104,
    "latitude": 22,
    "longitude": 98
  },
  {
    "name": "Burma",
    "alpha2Code": "MM",
    "alpha3Code": "MMR",
    "numberCode": 104,
    "latitude": 22,
    "longitude": 98
  },
  {
    "name": "Namibia",
    "alpha2Code": "NA",
    "alpha3Code": "NAM",
    "numberCode": 516,
    "latitude": -22,
    "longitude": 17
  },
  {
    "name": "Nauru",
    "alpha2Code": "NR",
    "alpha3Code": "NRU",
    "numberCode": 520,
    "latitude": -0.5333,
    "longitude": 166.9167
  },
  {
    "name": "Nepal",
    "alpha2Code": "NP",
    "alpha3Code": "NPL",
    "numberCode": 524,
    "latitude": 28,
    "longitude": 84
  },
  {
    "name": "Netherlands",
    "alpha2Code": "NL",
    "alpha3Code": "NLD",
    "numberCode": 528,
    "latitude": 52.5,
    "longitude": 5.75
  },
  {
    "name": "Netherlands Antilles",
    "alpha2Code": "AN",
    "alpha3Code": "ANT",
    "numberCode": 530,
    "latitude": 12.25,
    "longitude": -68.75
  },
  {
    "name": "New Caledonia",
    "alpha2Code": "NC",
    "alpha3Code": "NCL",
    "numberCode": 540,
    "latitude": -21.5,
    "longitude": 165.5
  },
  {
    "name": "New Zealand",
    "alpha2Code": "NZ",
    "alpha3Code": "NZL",
    "numberCode": 554,
    "latitude": -41,
    "longitude": 174
  },
  {
    "name": "Nicaragua",
    "alpha2Code": "NI",
    "alpha3Code": "NIC",
    "numberCode": 558,
    "latitude": 13,
    "longitude": -85
  },
  {
    "name": "Niger",
    "alpha2Code": "NE",
    "alpha3Code": "NER",
    "numberCode": 562,
    "latitude": 16,
    "longitude": 8
  },
  {
    "name": "Nigeria",
    "alpha2Code": "NG",
    "alpha3Code": "NGA",
    "numberCode": 566,
    "latitude": 10,
    "longitude": 8
  },
  {
    "name": "Niue",
    "alpha2Code": "NU",
    "alpha3Code": "NIU",
    "numberCode": 570,
    "latitude": -19.0333,
    "longitude": -169.8667
  },
  {
    "name": "Norfolk Island",
    "alpha2Code": "NF",
    "alpha3Code": "NFK",
    "numberCode": 574,
    "latitude": -29.0333,
    "longitude": 167.95
  },
  {
    "name": "Northern Mariana Islands",
    "alpha2Code": "MP",
    "alpha3Code": "MNP",
    "numberCode": 580,
    "latitude": 15.2,
    "longitude": 145.75
  },
  {
    "name": "Norway",
    "alpha2Code": "NO",
    "alpha3Code": "NOR",
    "numberCode": 578,
    "latitude": 62,
    "longitude": 10
  },
  {
    "name": "Oman",
    "alpha2Code": "OM",
    "alpha3Code": "OMN",
    "numberCode": 512,
    "latitude": 21,
    "longitude": 57
  },
  {
    "name": "Pakistan",
    "alpha2Code": "PK",
    "alpha3Code": "PAK",
    "numberCode": 586,
    "latitude": 30,
    "longitude": 70
  },
  {
    "name": "Palau",
    "alpha2Code": "PW",
    "alpha3Code": "PLW",
    "numberCode": 585,
    "latitude": 7.5,
    "longitude": 134.5
  },
  {
    "name": "Palestinian Territory, Occupied",
    "alpha2Code": "PS",
    "alpha3Code": "PSE",
    "numberCode": 275,
    "latitude": 32,
    "longitude": 35.25
  },
  {
    "name": "Panama",
    "alpha2Code": "PA",
    "alpha3Code": "PAN",
    "numberCode": 591,
    "latitude": 9,
    "longitude": -80
  },
  {
    "name": "Papua New Guinea",
    "alpha2Code": "PG",
    "alpha3Code": "PNG",
    "numberCode": 598,
    "latitude": -6,
    "longitude": 147
  },
  {
    "name": "Paraguay",
    "alpha2Code": "PY",
    "alpha3Code": "PRY",
    "numberCode": 600,
    "latitude": -23,
    "longitude": -58
  },
  {
    "name": "Peru",
    "alpha2Code": "PE",
    "alpha3Code": "PER",
    "numberCode": 604,
    "latitude": -10,
    "longitude": -76
  },
  {
    "name": "Philippines",
    "alpha2Code": "PH",
    "alpha3Code": "PHL",
    "numberCode": 608,
    "latitude": 13,
    "longitude": 122
  },
  {
    "name": "Pitcairn",
    "alpha2Code": "PN",
    "alpha3Code": "PCN",
    "numberCode": 612,
    "latitude": -24.7,
    "longitude": -127.4
  },
  {
    "name": "Poland",
    "alpha2Code": "PL",
    "alpha3Code": "POL",
    "numberCode": 616,
    "latitude": 52,
    "longitude": 20
  },
  {
    "name": "Portugal",
    "alpha2Code": "PT",
    "alpha3Code": "PRT",
    "numberCode": 620,
    "latitude": 39.5,
    "longitude": -8
  },
  {
    "name": "Puerto Rico",
    "alpha2Code": "PR",
    "alpha3Code": "PRI",
    "numberCode": 630,
    "latitude": 18.25,
    "longitude": -66.5
  },
  {
    "name": "Qatar",
    "alpha2Code": "QA",
    "alpha3Code": "QAT",
    "numberCode": 634,
    "latitude": 25.5,
    "longitude": 51.25
  },
  {
    "name": "Réunion",
    "alpha2Code": "RE",
    "alpha3Code": "REU",
    "numberCode": 638,
    "latitude": -21.1,
    "longitude": 55.6
  },
  {
    "name": "Romania",
    "alpha2Code": "RO",
    "alpha3Code": "ROU",
    "numberCode": 642,
    "latitude": 46,
    "longitude": 25
  },
  {
    "name": "Russian Federation",
    "alpha2Code": "RU",
    "alpha3Code": "RUS",
    "numberCode": 643,
    "latitude": 60,
    "longitude": 100
  },
  {
    "name": "Russia",
    "alpha2Code": "RU",
    "alpha3Code": "RUS",
    "numberCode": 643,
    "latitude": 60,
    "longitude": 100
  },
  {
    "name": "Rwanda",
    "alpha2Code": "RW",
    "alpha3Code": "RWA",
    "numberCode": 646,
    "latitude": -2,
    "longitude": 30
  },
  {
    "name": "Saint Helena, Ascension and Tristan da Cunha",
    "alpha2Code": "SH",
    "alpha3Code": "SHN",
    "numberCode": 654,
    "latitude": -15.9333,
    "longitude": -5.7
  },
  {
    "name": "Saint Kitts and Nevis",
    "alpha2Code": "KN",
    "alpha3Code": "KNA",
    "numberCode": 659,
    "latitude": 17.3333,
    "longitude": -62.75
  },
  {
    "name": "Saint Lucia",
    "alpha2Code": "LC",
    "alpha3Code": "LCA",
    "numberCode": 662,
    "latitude": 13.8833,
    "longitude": -61.1333
  },
  {
    "name": "Saint Pierre and Miquelon",
    "alpha2Code": "PM",
    "alpha3Code": "SPM",
    "numberCode": 666,
    "latitude": 46.8333,
    "longitude": -56.3333
  },
  {
    "name": "Saint Vincent and the Grenadines",
    "alpha2Code": "VC",
    "alpha3Code": "VCT",
    "numberCode": 670,
    "latitude": 13.25,
    "longitude": -61.2
  },
  {
    "name": "Saint Vincent & the Grenadines",
    "alpha2Code": "VC",
    "alpha3Code": "VCT",
    "numberCode": 670,
    "latitude": 13.25,
    "longitude": -61.2
  },
  {
    "name": "St. Vincent and the Grenadines",
    "alpha2Code": "VC",
    "alpha3Code": "VCT",
    "numberCode": 670,
    "latitude": 13.25,
    "longitude": -61.2
  },
  {
    "name": "Samoa",
    "alpha2Code": "WS",
    "alpha3Code": "WSM",
    "numberCode": 882,
    "latitude": -13.5833,
    "longitude": -172.3333
  },
  {
    "name": "San Marino",
    "alpha2Code": "SM",
    "alpha3Code": "SMR",
    "numberCode": 674,
    "latitude": 43.7667,
    "longitude": 12.4167
  },
  {
    "name": "Sao Tome and Principe",
    "alpha2Code": "ST",
    "alpha3Code": "STP",
    "numberCode": 678,
    "latitude": 1,
    "longitude": 7
  },
  {
    "name": "Saudi Arabia",
    "alpha2Code": "SA",
    "alpha3Code": "SAU",
    "numberCode": 682,
    "latitude": 25,
    "longitude": 45
  },
  {
    "name": "Senegal",
    "alpha2Code": "SN",
    "alpha3Code": "SEN",
    "numberCode": 686,
    "latitude": 14,
    "longitude": -14
  },
  {
    "name": "Serbia",
    "alpha2Code": "RS",
    "alpha3Code": "SRB",
    "numberCode": 688,
    "latitude": 44,
    "longitude": 21
  },
  {
    "name": "Seychelles",
    "alpha2Code": "SC",
    "alpha3Code": "SYC",
    "numberCode": 690,
    "latitude": -4.5833,
    "longitude": 55.6667
  },
  {
    "name": "Sierra Leone",
    "alpha2Code": "SL",
    "alpha3Code": "SLE",
    "numberCode": 694,
    "latitude": 8.5,
    "longitude": -11.5
  },
  {
    "name": "Singapore",
    "alpha2Code": "SG",
    "alpha3Code": "SGP",
    "numberCode": 702,
    "latitude": 1.3667,
    "longitude": 103.8
  },
  {
    "name": "Slovakia",
    "alpha2Code": "SK",
    "alpha3Code": "SVK",
    "numberCode": 703,
    "latitude": 48.6667,
    "longitude": 19.5
  },
  {
    "name": "Slovenia",
    "alpha2Code": "SI",
    "alpha3Code": "SVN",
    "numberCode": 705,
    "latitude": 46,
    "longitude": 15
  },
  {
    "name": "Solomon Islands",
    "alpha2Code": "SB",
    "alpha3Code": "SLB",
    "numberCode": 90,
    "latitude": -8,
    "longitude": 159
  },
  {
    "name": "Somalia",
    "alpha2Code": "SO",
    "alpha3Code": "SOM",
    "numberCode": 706,
    "latitude": 10,
    "longitude": 49
  },
  {
    "name": "South Africa",
    "alpha2Code": "ZA",
    "alpha3Code": "ZAF",
    "numberCode": 710,
    "latitude": -29,
    "longitude": 24
  },
  {
    "name": "South Georgia and the South Sandwich Islands",
    "alpha2Code": "GS",
    "alpha3Code": "SGS",
    "numberCode": 239,
    "latitude": -54.5,
    "longitude": -37
  },
  {
    "name": "South Sudan",
    "alpha2Code": "SS",
    "alpha3Code": "SSD",
    "numberCode": 728,
    "latitude": 8,
    "longitude": 30
  },
  {
    "name": "Spain",
    "alpha2Code": "ES",
    "alpha3Code": "ESP",
    "numberCode": 724,
    "latitude": 40,
    "longitude": -4
  },
  {
    "name": "Sri Lanka",
    "alpha2Code": "LK",
    "alpha3Code": "LKA",
    "numberCode": 144,
    "latitude": 7,
    "longitude": 81
  },
  {
    "name": "Sudan",
    "alpha2Code": "SD",
    "alpha3Code": "SDN",
    "numberCode": 736,
    "latitude": 15,
    "longitude": 30
  },
  {
    "name": "Suriname",
    "alpha2Code": "SR",
    "alpha3Code": "SUR",
    "numberCode": 740,
    "latitude": 4,
    "longitude": -56
  },
  {
    "name": "Svalbard and Jan Mayen",
    "alpha2Code": "SJ",
    "alpha3Code": "SJM",
    "numberCode": 744,
    "latitude": 78,
    "longitude": 20
  },
  {
    "name": "Swaziland",
    "alpha2Code": "SZ",
    "alpha3Code": "SWZ",
    "numberCode": 748,
    "latitude": -26.5,
    "longitude": 31.5
  },
  {
    "name": "Sweden",
    "alpha2Code": "SE",
    "alpha3Code": "SWE",
    "numberCode": 752,
    "latitude": 62,
    "longitude": 15
  },
  {
    "name": "Switzerland",
    "alpha2Code": "CH",
    "alpha3Code": "CHE",
    "numberCode": 756,
    "latitude": 47,
    "longitude": 8
  },
  {
    "name": "Syrian Arab Republic",
    "alpha2Code": "SY",
    "alpha3Code": "SYR",
    "numberCode": 760,
    "latitude": 35,
    "longitude": 38
  },
  {
    "name": "Taiwan, Province of China",
    "alpha2Code": "TW",
    "alpha3Code": "TWN",
    "numberCode": 158,
    "latitude": 23.5,
    "longitude": 121
  },
  {
    "name": "Taiwan",
    "alpha2Code": "TW",
    "alpha3Code": "TWN",
    "numberCode": 158,
    "latitude": 23.5,
    "longitude": 121
  },
  {
    "name": "Tajikistan",
    "alpha2Code": "TJ",
    "alpha3Code": "TJK",
    "numberCode": 762,
    "latitude": 39,
    "longitude": 71
  },
  {
    "name": "Tanzania, United Republic of",
    "alpha2Code": "TZ",
    "alpha3Code": "TZA",
    "numberCode": 834,
    "latitude": -6,
    "longitude": 35
  },
  {
    "name": "Thailand",
    "alpha2Code": "TH",
    "alpha3Code": "THA",
    "numberCode": 764,
    "latitude": 15,
    "longitude": 100
  },
  {
    "name": "Timor-Leste",
    "alpha2Code": "TL",
    "alpha3Code": "TLS",
    "numberCode": 626,
    "latitude": -8.55,
    "longitude": 125.5167
  },
  {
    "name": "Togo",
    "alpha2Code": "TG",
    "alpha3Code": "TGO",
    "numberCode": 768,
    "latitude": 8,
    "longitude": 1.1667
  },
  {
    "name": "Tokelau",
    "alpha2Code": "TK",
    "alpha3Code": "TKL",
    "numberCode": 772,
    "latitude": -9,
    "longitude": -172
  },
  {
    "name": "Tonga",
    "alpha2Code": "TO",
    "alpha3Code": "TON",
    "numberCode": 776,
    "latitude": -20,
    "longitude": -175
  },
  {
    "name": "Trinidad and Tobago",
    "alpha2Code": "TT",
    "alpha3Code": "TTO",
    "numberCode": 780,
    "latitude": 11,
    "longitude": -61
  },
  {
    "name": "Tunisia",
    "alpha2Code": "TN",
    "alpha3Code": "TUN",
    "numberCode": 788,
    "latitude": 34,
    "longitude": 9
  },
  {
    "name": "Turkey",
    "alpha2Code": "TR",
    "alpha3Code": "TUR",
    "numberCode": 792,
    "latitude": 39,
    "longitude": 35
  },
  {
    "name": "Turkmenistan",
    "alpha2Code": "TM",
    "alpha3Code": "TKM",
    "numberCode": 795,
    "latitude": 40,
    "longitude": 60
  },
  {
    "name": "Turks and Caicos Islands",
    "alpha2Code": "TC",
    "alpha3Code": "TCA",
    "numberCode": 796,
    "latitude": 21.75,
    "longitude": -71.5833
  },
  {
    "name": "Tuvalu",
    "alpha2Code": "TV",
    "alpha3Code": "TUV",
    "numberCode": 798,
    "latitude": -8,
    "longitude": 178
  },
  {
    "name": "Uganda",
    "alpha2Code": "UG",
    "alpha3Code": "UGA",
    "numberCode": 800,
    "latitude": 1,
    "longitude": 32
  },
  {
    "name": "Ukraine",
    "alpha2Code": "UA",
    "alpha3Code": "UKR",
    "numberCode": 804,
    "latitude": 49,
    "longitude": 32
  },
  {
    "name": "United Arab Emirates",
    "alpha2Code": "AE",
    "alpha3Code": "ARE",
    "numberCode": 784,
    "latitude": 24,
    "longitude": 54
  },
  {
    "name": "United Kingdom",
    "alpha2Code": "GB",
    "alpha3Code": "GBR",
    "numberCode": 826,
    "latitude": 54,
    "longitude": -2
  },
  {
    "name": "United States",
    "alpha2Code": "US",
    "alpha3Code": "USA",
    "numberCode": 840,
    "latitude": 38,
    "longitude": -97
  },
  {
    "name": "United States Minor Outlying Islands",
    "alpha2Code": "UM",
    "alpha3Code": "UMI",
    "numberCode": 581,
    "latitude": 19.2833,
    "longitude": 166.6
  },
  {
    "name": "Uruguay",
    "alpha2Code": "UY",
    "alpha3Code": "URY",
    "numberCode": 858,
    "latitude": -33,
    "longitude": -56
  },
  {
    "name": "Uzbekistan",
    "alpha2Code": "UZ",
    "alpha3Code": "UZB",
    "numberCode": 860,
    "latitude": 41,
    "longitude": 64
  },
  {
    "name": "Vanuatu",
    "alpha2Code": "VU",
    "alpha3Code": "VUT",
    "numberCode": 548,
    "latitude": -16,
    "longitude": 167
  },
  {
    "name": "Venezuela, Bolivarian Republic of",
    "alpha2Code": "VE",
    "alpha3Code": "VEN",
    "numberCode": 862,
    "latitude": 8,
    "longitude": -66
  },
  {
    "name": "Venezuela",
    "alpha2Code": "VE",
    "alpha3Code": "VEN",
    "numberCode": 862,
    "latitude": 8,
    "longitude": -66
  },
  {
    "name": "Viet Nam",
    "alpha2Code": "VN",
    "alpha3Code": "VNM",
    "numberCode": 704,
    "latitude": 16,
    "longitude": 106
  },
  {
    "name": "Vietnam",
    "alpha2Code": "VN",
    "alpha3Code": "VNM",
    "numberCode": 704,
    "latitude": 16,
    "longitude": 106
  },
  {
    "name": "Virgin Islands, British",
    "alpha2Code": "VG",
    "alpha3Code": "VGB",
    "numberCode": 92,
    "latitude": 18.5,
    "longitude": -64.5
  },
  {
    "name": "Virgin Islands, U.S.",
    "alpha2Code": "VI",
    "alpha3Code": "VIR",
    "numberCode": 850,
    "latitude": 18.3333,
    "longitude": -64.8333
  },
  {
    "name": "Wallis and Futuna",
    "alpha2Code": "WF",
    "alpha3Code": "WLF",
    "numberCode": 876,
    "latitude": -13.3,
    "longitude": -176.2
  },
  {
    "name": "Western Sahara",
    "alpha2Code": "EH",
    "alpha3Code": "ESH",
    "numberCode": 732,
    "latitude": 24.5,
    "longitude": -13
  },
  {
    "name": "Yemen",
    "alpha2Code": "YE",
    "alpha3Code": "YEM",
    "numberCode": 887,
    "latitude": 15,
    "longitude": 48
  },
  {
    "name": "Zambia",
    "alpha2Code": "ZM",
    "alpha3Code": "ZMB",
    "numberCode": 894,
    "latitude": -15,
    "longitude": 30
  },
  {
    "name": "Zimbabwe",
    "alpha2Code": "ZW",
    "alpha3Code": "ZWE",
    "numberCode": 716,
    "latitude": -20,
    "longitude": 30
  }
]